{
  "fio version" : "fio-3.1",
  "timestamp" : 1568856638,
  "timestamp_ms" : 1568856638319,
  "time" : "Wed Sep 18 21:30:38 2019",
  "global options" : {
    "rw" : "write",
    "bs" : "16384"
  },
  "jobs" : [
    {
      "jobname" : "vdo",
      "groupid" : 0,
      "error" : 0,
      "eta" : 0,
      "elapsed" : 3,
      "job options" : {
        "name" : "vdo",
        "filename" : "/dev/mapper/vdo-ram",
        "ioengine" : "libaio",
        "numjobs" : "2",
        "iodepth" : "512",
        "scramble_buffers" : "1",
        "offset" : "0",
        "size" : "1g",
        "direct" : "1"
      },
      "read" : {
        "io_bytes" : 0,
        "io_kbytes" : 0,
        "bw" : 0,
        "iops" : 0.000000,
        "runtime" : 0,
        "total_ios" : 0,
        "short_ios" : 0,
        "drop_ios" : 0,
        "slat_ns" : {
          "min" : 0,
          "max" : 0,
          "mean" : 0.000000,
          "stddev" : 0.000000
        },
        "clat_ns" : {
          "min" : 0,
          "max" : 0,
          "mean" : 0.000000,
          "stddev" : 0.000000,
          "percentile" : {
            "1.000000" : 0,
            "5.000000" : 0,
            "10.000000" : 0,
            "20.000000" : 0,
            "30.000000" : 0,
            "40.000000" : 0,
            "50.000000" : 0,
            "60.000000" : 0,
            "70.000000" : 0,
            "80.000000" : 0,
            "90.000000" : 0,
            "95.000000" : 0,
            "99.000000" : 0,
            "99.500000" : 0,
            "99.900000" : 0,
            "99.950000" : 0,
            "99.990000" : 0,
            "0.00" : 0,
            "0.00" : 0,
            "0.00" : 0
          }
        },
        "lat_ns" : {
          "min" : 0,
          "max" : 0,
          "mean" : 0.000000,
          "stddev" : 0.000000
        },
        "bw_min" : 0,
        "bw_max" : 0,
        "bw_agg" : 0.000000,
        "bw_mean" : 0.000000,
        "bw_dev" : 0.000000,
        "bw_samples" : 0,
        "iops_min" : 0,
        "iops_max" : 0,
        "iops_mean" : 0.000000,
        "iops_stddev" : 0.000000,
        "iops_samples" : 0
      },
      "write" : {
        "io_bytes" : 1073741824,
        "io_kbytes" : 1048576,
        "bw" : 535534,
        "iops" : 33470.888662,
        "runtime" : 1958,
        "total_ios" : 65536,
        "short_ios" : 0,
        "drop_ios" : 0,
        "slat_ns" : {
          "min" : 10028,
          "max" : 1062362,
          "mean" : 29024.873337,
          "stddev" : 35966.671111
        },
        "clat_ns" : {
          "min" : 8479742,
          "max" : 29500993,
          "mean" : 15202136.599609,
          "stddev" : 2570516.111261,
          "percentile" : {
            "1.000000" : 10027008,
            "5.000000" : 11206656,
            "10.000000" : 12124160,
            "20.000000" : 13303808,
            "30.000000" : 13959168,
            "40.000000" : 14483456,
            "50.000000" : 14876672,
            "60.000000" : 15269888,
            "70.000000" : 16056320,
            "80.000000" : 17170432,
            "90.000000" : 18743296,
            "95.000000" : 20054016,
            "99.000000" : 22151168,
            "99.500000" : 22937600,
            "99.900000" : 27131904,
            "99.950000" : 28180480,
            "99.990000" : 29491200,
            "0.00" : 0,
            "0.00" : 0,
            "0.00" : 0
          }
        },
        "lat_ns" : {
          "min" : 8516530,
          "max" : 29521320,
          "mean" : 15231237.658722,
          "stddev" : 2570466.003874
        },
        "bw_min" : 524000,
        "bw_max" : 546624,
        "bw_agg" : 49.771661,
        "bw_mean" : 532544.333333,
        "bw_dev" : 12285.816226,
        "bw_samples" : 3,
        "iops_min" : 32750,
        "iops_max" : 34164,
        "iops_mean" : 33284.000000,
        "iops_stddev" : 767.877594,
        "iops_samples" : 3
      },
      "trim" : {
        "io_bytes" : 0,
        "io_kbytes" : 0,
        "bw" : 0,
        "iops" : 0.000000,
        "runtime" : 0,
        "total_ios" : 0,
        "short_ios" : 0,
        "drop_ios" : 0,
        "slat_ns" : {
          "min" : 0,
          "max" : 0,
          "mean" : 0.000000,
          "stddev" : 0.000000
        },
        "clat_ns" : {
          "min" : 0,
          "max" : 0,
          "mean" : 0.000000,
          "stddev" : 0.000000,
          "percentile" : {
            "1.000000" : 0,
            "5.000000" : 0,
            "10.000000" : 0,
            "20.000000" : 0,
            "30.000000" : 0,
            "40.000000" : 0,
            "50.000000" : 0,
            "60.000000" : 0,
            "70.000000" : 0,
            "80.000000" : 0,
            "90.000000" : 0,
            "95.000000" : 0,
            "99.000000" : 0,
            "99.500000" : 0,
            "99.900000" : 0,
            "99.950000" : 0,
            "99.990000" : 0,
            "0.00" : 0,
            "0.00" : 0,
            "0.00" : 0
          }
        },
        "lat_ns" : {
          "min" : 0,
          "max" : 0,
          "mean" : 0.000000,
          "stddev" : 0.000000
        },
        "bw_min" : 0,
        "bw_max" : 0,
        "bw_agg" : 0.000000,
        "bw_mean" : 0.000000,
        "bw_dev" : 0.000000,
        "bw_samples" : 0,
        "iops_min" : 0,
        "iops_max" : 0,
        "iops_mean" : 0.000000,
        "iops_stddev" : 0.000000,
        "iops_samples" : 0
      },
      "usr_cpu" : 4.241185,
      "sys_cpu" : 60.296372,
      "ctx" : 40232,
      "majf" : 0,
      "minf" : 2120,
      "iodepth_level" : {
        "1" : 0.100000,
        "2" : 0.100000,
        "4" : 0.100000,
        "8" : 0.100000,
        "16" : 0.100000,
        "32" : 0.100000,
        ">=64" : 99.903870
      },
      "latency_ns" : {
        "2" : 0.000000,
        "4" : 0.000000,
        "10" : 0.000000,
        "20" : 0.000000,
        "50" : 0.000000,
        "100" : 0.000000,
        "250" : 0.000000,
        "500" : 0.000000,
        "750" : 0.000000,
        "1000" : 0.000000
      },
      "latency_us" : {
        "2" : 0.000000,
        "4" : 0.000000,
        "10" : 0.000000,
        "20" : 0.000000,
        "50" : 0.000000,
        "100" : 0.000000,
        "250" : 0.000000,
        "500" : 0.000000,
        "750" : 0.000000,
        "1000" : 0.000000
      },
      "latency_ms" : {
        "2" : 0.000000,
        "4" : 0.000000,
        "10" : 1.071167,
        "20" : 94.139099,
        "50" : 4.789734,
        "100" : 0.000000,
        "250" : 0.000000,
        "500" : 0.000000,
        "750" : 0.000000,
        "1000" : 0.000000,
        "2000" : 0.000000,
        ">=2000" : 0.000000
      },
      "latency_depth" : 512,
      "latency_target" : 0,
      "latency_percentile" : 100.000000,
      "latency_window" : 0
    },
    {
      "jobname" : "vdo",
      "groupid" : 0,
      "error" : 0,
      "eta" : 0,
      "elapsed" : 3,
      "job options" : {
        "name" : "vdo",
        "filename" : "/dev/mapper/vdo-ram",
        "ioengine" : "libaio",
        "numjobs" : "2",
        "iodepth" : "512",
        "scramble_buffers" : "1",
        "offset" : "0",
        "size" : "1g",
        "direct" : "1"
      },
      "read" : {
        "io_bytes" : 0,
        "io_kbytes" : 0,
        "bw" : 0,
        "iops" : 0.000000,
        "runtime" : 0,
        "total_ios" : 0,
        "short_ios" : 0,
        "drop_ios" : 0,
        "slat_ns" : {
          "min" : 0,
          "max" : 0,
          "mean" : 0.000000,
          "stddev" : 0.000000
        },
        "clat_ns" : {
          "min" : 0,
          "max" : 0,
          "mean" : 0.000000,
          "stddev" : 0.000000,